{
    "cute": 1.4741735593237266,
    "think": 1.8791503422118496,
    "awake, day": 2.0038381487070467,
    "tropics": 0.8550495805410556,
    "type, mammal": 1.5687437940319788,
    "diet, carnivore": 2.1254227377801587,
    "land": 2.071535540502754,
    "normal": 2.3638671802434983,
    "has large feet relative to its body size": 0.7194530691208522,
    "has good hearing": 1.35268608171713,
    "striking": 1.9092906289027687,
    "dangerous": 2.9366090364809323,
    "has long hair": 0.6537736038755312,
    "sleeps very little": 0.5741224719656765,
    "quiet": 1.0581686705305398,
    "large": 1.9867284996822925,
    "cool": 2.0729161108743117,
    "lifespan": 1.213744129581771
}