{
    "has large feet relative to its body size": 0.7300767385041022,
    "quiet": 1.0619754540221995,
    "has long hair": 0.6789869918919693,
    "has good hearing": 1.3902330458275907,
    "sleeps very little": 0.6078064421178541,
    "striking": 1.945110167276499,
    "dangerous": 2.9579320754569878,
    "cool": 2.121563359160721,
    "large": 2.0141680585603017,
    "lifespan": 1.2278533105224758,
    "cute": 1.6800479268719672,
    "think": 1.8119457395719356,
    "awake, day": 1.927695218880731,
    "tropics": 0.8178735118218793,
    "type, mammal": 1.5428714810058515,
    "diet, carnivore": 2.0447909922717877,
    "land": 1.9814687778722004,
    "normal": 2.3186059886427666
}