{"reflective": 1.0148157841852952, "early": 0.6815335632538537, "think": 1.142627128919521, "widely celebrated": 1.2200114841288323, "time off": 1.334540064277405, "partying": 0.8813111155593616, "political": 0.5143986164416299, "likes": 1.1502194194748625, "meaningful": 1.2079916046585866, "romantic": 0.6816802157601393}