{
    "important": 1.9680084508058024,
    "male dominated": 1.3406539098362444,
    "think": 1.3565194766663784,
    "creativity": 1.5614469228261232,
    "difficult": 2.2274018190949914,
    "dangerous": 1.4199985313454895,
    "glamorous": 1.7567347362868382,
    "been around": 1.6142907296259088,
    "people oriented": 1.3300959695953154,
    "physical": 1.0828618897787057,
    "common": 1.5609363641132934
}