{"heavy": 0.7579103860316669, "think": 1.3948471200836197, "easy": 2.037698047498753, "dangerous": 1.1420218319492679, "often": 1.7177768916119387, "metallic": 1.1528151633015107, "common": 2.1336138143507486, "expensive": 2.15341392351095, "essential": 1.5806180081304801, "loud": 0.8029263040483713, "plain sight": 1.5245264425652085}