{
    "many locations": 1.969254307594372,
    "interesting side dishes": 0.7582178925241532,
    "casual": 1.485010344038505,
    "brightly colored logo": 1.0018128741534817,
    "cold food": 0.7450779825575423,
    "healthy": 0.5257840681278205,
    "soft food": 0.5634638149312862,
    "popular": 1.7575432056587952,
    "desserts": 0.5586671769457274,
    "quick": 1.4471280415593053
}