{"competitive": 2.715881148693045, "dangerous": 1.1455198115314706, "popular": 2.4740060823847245, "been around": 1.968625039902069, "expensive": 1.2712206236136547, "learn": 1.2186310236281495, "strenuous": 1.886396087543236, "flexibility": 1.2778090594208569, "think": 1.3422595319016208, "spectators": 2.3106646812348566}