{
    "think": 1.7685460700009088,
    "available": 1.8826960638739754,
    "heavy": 0.7493571504025612,
    "fragrant": 0.7025648511651744,
    "crunchy": 1.1035458215019527,
    "popular": 2.2625079823661824,
    "warm": 0.8437819942275065,
    "calories": 0.535350553229499,
    "sweet": 0.5839945901151662,
    "dishes": 1.6838110999322993
}